{
  "scenario": "medium",
  "velocity_md": 0.1,
  "n_years": 25,
  "Tf_jan": [
    10.7125303447381,
    10.873053802296944,
    11.598175811566636,
    12.431861606810962,
    13.072380932167945,
    15.225972361665,
    17.51602088591405,
    17.863871346912468,
    13.275,
    12.519203723387998,
    11.940847112248724,
    11.101820144762224,
    10.723108007739372,
    10.866884218987975,
    11.58655233831798,
    12.41772926929612,
    13.057157982895067,
    15.210459559431822,
    17.500677765601527,
    17.84895783473779,
    14.054781784102854,
    13.02173926795314,
    12.231181429357166,
    11.18925280050633,
    10.711375847844367,
    10.855771827870873,
    11.576029110206296,
    12.407762267253384,
    13.0477133937115,
    15.201503656381025,
    17.492177698087463,
    17.840882377822048,
    14.040438579097152,
    13.008035027308978,
    12.218141117702665,
    11.176875041075812,
    10.705049001077265,
    10.849739227738608,
    11.570276243799352,
    12.402274513320132,
    13.042475236411455,
    15.196498284708582,
    17.487387091396375,
    17.836287859969794,
    14.032758826157494,
    13.000724928809113,
    12.211177755364158,
    11.17023855672269,
    10.701195153060626,
    10.846002902046601,
    11.566653324477336,
    12.398762507896985,
    13.039072577233792,
    15.193203760524362,
    17.48419950443825,
    17.833205940867664,
    14.028341955797561,
    12.996468515706859,
    12.207066773081072,
    11.16626076193204,
    10.6986354726845,
    10.843552407834428,
    11.564315556676133,
    12.396541070812601,
    13.036970407459034,
    15.191222312278164,
    17.482337946059552,
    17.831460456539077,
    14.025364506708753,
    12.993594703468094,
    12.20429646661693,
    11.163594803922777,
    10.697287791827462,
    10.84222549260876,
    11.562985512486655,
    12.395184188752951,
    13.03556432260455,
    15.189747119057389,
    17.480777202594574,
    17.829802020700118,
    14.023727786117451,
    12.99205568197183,
    12.202840352805756,
    11.162203403655113,
    10.695139300594628,
    10.840014643398716,
    11.56073424058578,
    12.392917262235843,
    13.033308400669894,
    15.18752977004529,
    17.47862592453389,
    17.827743303537304,
    14.021964439841042,
    12.990185515786871,
    12.200866898249496,
    11.160135516241048,
    10.693851457538111,
    10.83891711530134,
    11.559829242772665,
    12.392202738073186,
    13.032778226956053,
    15.18717406962193,
    17.478431468237595,
    17.827693982393278,
    14.020022903390426,
    12.988383151345213,
    12.199222435164158,
    11.158663927886064,
    10.694223252067518,
    10.839307420471782,
    11.560217002279462,
    12.392568170611158,
    13.03310318629607,
    15.187442342334075,
    17.478629006871152,
    17.827809073797283,
    14.020100251537597,
    12.988566900474439,
    12.199491082147912,
    11.1589952986611,
    10.693836166421871,
    10.838818496754385,
    11.559630728711806,
    12.391890786159985,
    13.032342449723101,
    15.186607287300077,
    17.477729689119897,
    17.826856316027076,
    14.020123621674694,
    12.988491758514476,
    12.19931310783371,
    11.15871257789867,
    10.692788250045702,
    10.83778477582171,
    11.558620988742492,
    12.390913949534118,
    13.03140646115969,
    15.185719022557727,
    17.476894886645667,
    17.826079530920055,
    14.019128761216129,
    12.987466402386033,
    12.198268899167948,
    11.157660977132414,
    10.692327821646556,
    10.837384790306299,
    11.558278047845764,
    12.39062374952965,
    13.031163883066283,
    15.185518228641213,
    17.47672942148821,
    17.825942425414972,
    14.018413340555902,
    12.986814480717328,
    12.197681412717133,
    11.157137695164542,
    10.692217336921447,
    10.837255891328372,
    11.558123033241051,
    12.390435181686756,
    13.030934663730289,
    15.185241667595747,
    17.476399298020613,
    17.825553042366654,
    14.018297217285753,
    12.986711659285328,
    12.197584013722853,
    11.157037741643688,
    10.691467361145493,
    10.836425552319104,
    11.557211188741052,
    12.389441382996198,
    13.02985914747436,
    15.184085342110318,
    17.47516372478764,
    17.82424041294463,
    14.01784344758434,
    12.986188984948008,
    12.196988557400356,
    11.15636629084816,
    10.689822289601464,
    10.834728060239584,
    11.55546694878904,
    12.387656405071086,
    13.028039734975561,
    15.182238047899423,
    17.473295307178347,
    17.82235779202802,
    14.016456556486741,
    12.984731198925525,
    12.195463781580694,
    11.154778932183,
    10.687975157000126,
    10.832909304631803,
    11.553683481137213,
    12.385914989608565,
    13.026346958394178,
    15.18060029064294,
    17.47171871690118,
    17.820848259260824,
    14.014566771072685,
    12.982841364359414,
    12.193581048669325,
    11.152910447440325,
    10.68687884847605,
    10.831908915685903,
    11.552782607999688,
    12.385116856170592,
    13.02565441123022,
    15.180015795924971,
    17.471244359125425,
    17.820485741700605,
    14.013129907119627,
    12.981482481436199,
    12.192305142278304,
    11.15172218096276,
    10.687087968428395,
    10.832232309626608,
    11.553219448944166,
    12.385665990484108,
    13.026314370366325,
    15.180784808935009,
    17.4721203658491,
    17.82146640654475,
    14.012880553915377,
    12.981347241230326,
    12.192284593299716,
    11.151816537464509,
    10.688548270616513,
    10.833778296776,
    11.554847275168889,
    12.387371656085849,
    13.028093737372783,
    15.182633616504944,
    17.47403424549269,
    17.82344089711073,
    14.013963280134856,
    12.982529185626497,
    12.193562681254694,
    11.153187478233741,
    10.690756666283507,
    10.836019390136581,
    11.557116348165096,
    12.389664004976998,
    13.030404684071815,
    15.184958519398801,
    17.476368509735618,
    17.82577998438237,
    14.01599384252051,
    12.984611217169363,
    12.195691529771482,
    11.155358455670788,
    10.693054386965716,
    10.838296368991138,
    11.559368670168286,
    12.391887870195538,
    13.03259641259902,
    15.18711455578759,
    17.478485426940352,
    17.827854487221902,
    14.018333280242848,
    12.986946607179172,
    12.198018556447494,
    11.157672893516002,
    10.694872190589367,
    10.84005489353917,
    11.561065603318093,
    12.393521043741762,
    13.03416380229645,
    15.188614280877033,
    17.4799157493726,
    17.829213810598226,
    14.02036220839873,
    12.988926937743246,
    12.199947406034125,
    11.159547519954547,
    10.695857424140884,
    10.84096243350517,
    11.561894794905019,
    12.394271357127492,
    13.03483482975893,
    15.189205733798081,
    17.480427455130076,
    17.829645709359887,
    14.021649076644884,
    12.990140033533791,
    12.201085548984075,
    11.160609664594563,
    10.695893103858793,
    10.84092012696998,
    11.56177513631194,
    12.394075065683873,
    13.03456270610074,
    15.18885865641117,
    17.48000637678377,
    17.829151653559812,
    14.022001218076053,
    12.990412573432703,
    12.201278745854564,
    11.16072387616816
  ],