{
  "scenario": "low",
  "velocity_md": 0.001,
  "n_years": 25,
  "Tf_jan": [
    10.19307353460118,
    10.358490111002588,
    11.181958571560735,
    12.113366942124328,
    12.79780973643516,
    15.284218655472518,
    17.971902146628082,
    18.38505770476404,
    13.275,
    12.373965173452804,
    11.676180217191542,
    10.666042758042018,
    10.204574134226677,
    10.35638650786586,
    11.173334125794327,
    12.101744421369952,
    12.785016327476294,
    15.271238582471689,
    17.959281500086618,
    18.373104085878925,
    13.841435521948247,
    12.614124248324751,
    11.777661318511566,
    10.706048913932763,
    10.197306338092382,
    10.350062284451287,
    11.167920533738364,
    12.097203331275,
    12.781306662211316,
    15.268317879279213,
    17.957107002840992,
    18.371633505470516,
    13.830320584559756,
    12.603938744664584,
    11.768446062227493,
    10.697813036216411,
    10.19876552662044,
    10.352000995418853,
    11.170307414470123,
    12.100008769646601,
    12.784502732876431,
    15.271878278979415,
    17.961006978968044,
    18.37584978095681,
    13.829512621559118,
    12.603753440109564,
    11.768845023475627,
    10.698759571831385,
    10.204260472697076,
    10.357699351298455,
    11.176194165883562,
    12.10606981684027,
    12.790724833798302,
    15.278248995792435,
    17.96751462779987,
    18.382483384761954,
    13.83402331835612,
    12.608538002888132,
    11.773884144717751,
    10.704035119123606,
    10.211380997163985,
    10.364892527874348,
    11.18345287621505,
    12.113387366658836,
    12.798094927158951,
    15.285665710995755,
    17.974972394881426,
    18.389976964443992,
    13.84077256275421,
    12.615393194826094,
    11.78083617380413,
    10.711075421478052,
    10.218985314959223,
    10.3725071483231,
    11.191074388666568,
    12.121012564603665,
    12.805720796540383,
    15.293289419239631,
    17.982591280597532,
    18.397588527752518,
    13.848297026756008,
    12.622943907440838,
    11.78840877465409,
    10.71866580936875,
    10.226527814218255,
    10.380030244875991,
    11.198576486897377,
    12.128492171136331,
    12.813176514642985,
    15.300719943549126,
    17.989995392146337,
    18.404965089276665,
    13.855898920198207,
    12.630533927434897,
    11.795984853462148,
    10.726226007539891,
    10.233752129881555,
    10.387221671358072,
    11.205734347807862,
    12.135615842546711,
    12.820265422274465,
    15.30777356011183,
    17.997013234822457,
    18.411946717337592,
    13.863246871710142,
    12.637852282044467,
    11.80327269343189,
    10.733482480558804,
    10.24054739564561,
    10.393978843673926,
    11.212453223648076,
    12.142296245921232,
    12.826907202762895,
    15.314376591471309,
    18.00357741366675,
    18.418471961883135,
    13.87019188426033,
    12.644760315884795,
    11.81014342103656,
    10.740315608158228,
    10.246877418106799,
    10.400269832261165,
    11.21870521767175,
    12.148509298305543,
    12.833081379260738,
    15.320511969917327,
    18.009674083268166,
    18.42453002254554,
    13.87667813313773,
    12.651207527009745,
    11.816551570538248,
    10.746684689361922,
    10.252744264032216,
    10.406098859641011,
    11.224496585052155,
    12.154263170617819,
    12.83879792739595,
    15.326191370321773,
    18.01531651755865,
    18.43013567714496,
    13.882697694825154,
    12.657188709136157,
    11.822494501389517,
    10.752589505545965,
    10.258168961394617,
    10.41148797851862,
    11.229850336712122,
    12.15958176880016,
    12.84408158808395,
    15.331440311524304,
    18.02053095910351,
    18.435315840483014,
    13.888266760615409,
    12.66272138112874,
    11.827990978412405,
    10.758049989946423,
    10.26318109978272,
    10.41646719172767,
    11.234796852857134,
    12.164495816377292,
    12.848963395849863,
    15.33629010838208,
    18.025348973994333,
    18.440102302284686,
    13.893412868634805,
    12.66783365797857,
    11.833069649335169,
    10.763095281120146,
    10.267813220631808,
    10.421069126386769,
    11.239368827344602,
    12.169038056014047,
    12.853476125199334,
    15.340773551193848,
    18.029803353151244,
    18.444527839753405,
    13.898168006065312,
    12.672557699505042,
    11.837762823087925,
    10.767757814811782,
    10.272097844004342,
    10.42532621823095,
    11.243598602070765,
    12.17324072682081,
    12.857651904047414,
    15.34492264878186,
    18.033925978892874,
    18.448624201757468,
    13.902564922849898,
    12.676926215603537,
    11.842103157451238,
    10.772070185306413,
    10.276065962049074,
    10.429269292841965,
    11.247516831780768,
    12.177134308748707,
    12.861521033890247,
    15.34876752080799,
    18.037746785936385,
    18.452421135213484,
    13.906635227901383,
    12.680970669146426,
    11.846121963572724,
    10.776063546723003,
    10.279746347905224,
    10.432926923104276,
    11.251151887709181,
    12.180746970155363,
    12.865111479141524,
    15.35233592682669,
    18.041293328204986,
    18.45594598777766,
    13.910408477722186,
    12.684720423838122,
    11.849848410193612,
    10.779766870882058,
    10.283165312644527,
    10.436325212491077,
    11.254529665865252,
    12.184104399808499,
    12.868448721632275,
    15.35565314211469,
    18.04459067487715,
    18.459223623055472,
    13.913911813194694,
    12.68820241340331,
    11.853309223612168,
    10.783206676496237,
    10.28634670203467,
    10.439487805587717,
    11.25767361055853,
    12.187229842689712,
    12.871555808002915,
    15.358742015995325,
    18.047661479016767,
    18.46227649894078,
    13.917169892941928,
    12.691441092134028,
    11.856528654498671,
    10.78640701137755,
    10.289312015412328,
    10.442436013641682,
    11.260604846200682,
    12.190144237645066,
    12.874453492819141,
    15.361623120052293,
    18.050526130536163,
    18.46512482499579,
    13.920204980806481,
    12.69445853096699,
    11.859528582055038,
    10.78938956418734,
    10.292080580714504,
    10.445188992335133,
    11.263342357586478,
    12.192866399952054,
    12.877160423213281,
    15.364314934646089,
    18.053202944398045,
    18.46778675215935,
    13.923037107331332,
    12.697274582766411,
    11.862328682814056,
    10.792173836480808,
    10.294669749319546,
    10.44776393722907,
    11.265903185816644,
    12.19541321760388,
    12.879693335418755,
    15.366834045593201,
    18.055708357339313,
    18.470278569420564,
    13.92568426080468,
    12.699907074541308,
    11.864946623875223,
    10.794777336815011,
    10.297095091232379,
    10.450176278434512,
    11.268302622391904,
    12.197799844766914,
    12.882067247536297,
    15.369195336189058,
    18.05805711910233,
    18.472614894212676,
    13.928162583793508,
    12.702372003755869,
    11.86739825891264,
    10.797215776379902,
    10.299370580697612,
    10.45243986516887,
    11.270554392685366,
    12.20003988414373,
    12.884295640762415,
    15.371412167279459,
    18.06026247132828,
    18.474808850108964,
    13.930486562657087,
    12.704683726922191,
    11.869697815809456,
    10.799503255639083
  ],