{
  "scenario": "high",
  "velocity_md": 1.0,
  "n_years": 25,
  "Tf_jan": [
    11.653129016014708,
    11.843775182397964,
    12.419378034388235,
    13.099349582435899,
    13.54498455706713,
    14.992221467438611,
    16.459635775614657,
    16.616901023157205,
    13.275,
    12.788101899994047,
    12.400197004130897,
    11.868034729193344,
    11.387075236512727,
    11.610451226949714,
    12.243639003983272,
    12.764711315851395,
    13.655789819448309,
    15.120434072199263,
    16.316546367192384,
    16.312353455928214,
    13.944650639320237,
    12.894462526586985,
    12.209222250666274,
    11.489983121743572,
    11.30657467300646,
    11.865335667936197,
    12.738487519929468,
    13.385746178236193,
    14.25735525288038,
    15.546835074305298,
    16.43540305156032,
    16.089152153401614,
    13.566421783380918,
    12.537678887901622,
    11.764014328924564,
    11.08635287983019,
    11.259690039575414,
    11.841847617702719,
    12.71056703769061,
    13.335967684527404,
    14.172319244448941,
    15.419191784498878,
    16.26942842844414,
    15.904602031040099,
    13.138191002529332,
    12.128826584366253,
    11.50460492417376,
    10.965617989588173,
    11.441989192328013,
    12.078324145600718,
    12.93310175454645,
    13.474687201569488,
    14.185461771024585,
    15.313393890473524,
    16.097465487072476,
    15.741916087501718,
    12.96879277139928,
    12.01477271357493,
    11.481102721011517,
    11.050335935141465,
    11.7284081455842,
    12.369078175417782,
    13.189844946705266,
    13.670703449075798,
    14.307373253595633,
    15.360215196983408,
    16.077902603784988,
    15.670798131522304,
    12.883016438121356,
    12.043908197962066,
    11.627476054663113,
    11.287668403932143,
    11.623283634978177,
    12.280856133332723,
    13.119036320423504,
    13.616053244631699,
    14.266649435032743,
    15.330823707803766,
    16.05730518409464,
    15.656752608405489,
    12.77767426882759,
    11.921132955934093,
    11.501423253207562,
    11.16879164387553,
    11.621821358136868,
    12.279966701443396,
    13.11847864168661,
    13.615655584592158,
    14.266270358792948,
    15.330315666759475,
    16.056476833606034,
    15.655326797731092,
    12.768337882577683,
    11.915073581798431,
    11.497577735158991,
    11.166400542850951,
    11.606920433607645,
    12.258549144204473,
    13.088796901159172,
    13.57600763425781,
    14.215258432408755,
    15.267168575463327,
    15.981401494724887,
    15.569835911634225,
    12.765904137821993,
    11.91103691821356,
    11.491109739096228,
    11.15640345138861,
    11.544220785472703,
    12.221920407828739,
    13.084593170221897,
    13.608596313800867,
    14.286352055767448,
    15.375433303884884,
    16.12241490580316,
    15.736413366128343,
    12.673054064612483,
    11.815507710800453,
    11.399071464140672,
    11.075139985205102,
    11.69004680538741,
    12.33868763149898,
    13.168876590731783,
    13.65955617306537,
    14.305485991073075,
    15.366130363967219,
    16.089392898071747,
    15.685122336665287,
    12.855905158577325,
    12.004133326694276,
    11.582777343119385,
    11.244030401660352,
    11.621526805342741,
    12.276275320549308,
    13.113716446992091,
    13.612093706946606,
    14.265625130729351,
    15.33339086947576,
    16.06305301208392,
    15.664337913718098,
    12.791969053286463,
    11.93288309690513,
    11.508906518716826,
    11.171382597161575,
    11.616610818892227,
    12.272757610925437,
    13.111234512003747,
    13.610366241863218,
    14.264438521629529,
    15.332586116337255,
    16.062513949374825,
    15.663981140744225,
    12.775865589451305,
    11.92062101218228,
    11.49972263947799,
    11.164612172665288,
    11.616572571176222,
    12.272733907972473,
    13.111219969302086,
    13.610357406275305,
    14.264433204571885,
    15.332582946427966,
    16.062512076743303,
    15.663980044328524,
    12.77563220828407,
    11.920470074464282,
    11.4996260972271,
    11.164551085823414,
    11.616572504729719,
    12.272733870910384,
    13.11121994873783,
    13.610357394870327,
    14.264433198166953,
    15.33258294266194,
    16.06251207425178,
    15.663980042278151,
    12.775631571927363,
    11.92046970826891,
    11.499625888249298,
    11.164550967528154,
    11.616572496206407,
    12.272733858407122,
    13.111219930489666,
    13.610357368402225,
    14.264433160025488,
    15.332582888058141,
    16.06251199658786,
    15.663979932524173,
    12.775631569740407,
    11.92046970545173,
    11.499625884272879,
    11.164550961728477,
    11.616571932801875,
    12.27273309097179,
    13.111218891220785,
    13.610355969094293,
    14.264431286620304,
    15.33258039394435,
    16.062508694418916,
    15.663975584294885,
    12.775631415618864,
    11.920469490378192,
    11.499625585989255,
    11.16455055055202,
    11.616556033080121,
    12.272712799676398,
    13.111193124284027,
    13.610323409802254,
    14.264390344341338,
    15.332529157484517,
    16.06244487970958,
    15.663896476187832,
    12.775625720711592,
    11.920462071261289,
    11.499615971223669,
    11.164538154738201,
    11.616339812994394,
    12.272451934028458,
    13.110879761571683,
    13.6099486037908,
    14.263943955598046,
    15.331999755655842,
    16.061819648539966,
    15.663161123560498,
    12.775528108748345,
    11.920342179397714,
    11.499469381629172,
    11.164359725951957,
    11.614782716554624,
    12.270664257533316,
    13.108835377110436,
    13.607619718613138,
    14.261301203959759,
    15.329012327064646,
    16.058455455037905,
    15.659387008242208,
    12.774666784299775,
    11.919337402509717,
    11.498301982826343,
    11.163008804917553,
    11.608444287114493,
    12.263711666029582,
    13.101237458887736,
    13.59934743919237,
    14.252328221557821,
    15.3193155761997,
    16.048015744070785,
    15.648189622848472,
    12.770448772730413,
    11.9146409980754,
    11.49309250632837,
    11.157251777919152,
    11.593435598815805,
    12.247983255159665,
    13.084821375192483,
    13.582284102058816,
    14.234666638303345,
    15.301113469556572,
    16.029339581558013,
    15.629114541934722,
    12.758484076535487,
    11.90190502103975,
    11.47958751096218,
    11.142986793058315,
    11.573777262832145,
    12.22854071524506,
    13.065719022082975,
    13.563650422325884,
    14.216633188798596,
    15.283813776560109,
    16.012907976657978,
    15.6136849479077,
    12.739093700869546,
    11.882291164546112,
    11.459849768237127,
    11.1232320162317,
    11.56526406682808,
    12.221753948523041,
    13.060754718781237,
    13.560594527593757,
    14.2155605874743,
    15.284787422685692,
    16.015978135306604,
    15.618888559269166,
    12.724798381892057,
    11.869259455903025,
    11.448206801286092,
    11.11309745473188,
    11.581195083106984,
    12.239741729204813,
    13.080736665688756,
    13.582494633369205,
    14.239290047458704,
    15.31024536768058,
    16.043052475556564,
    15.6474569287435,
    12.732158555893562,
    11.87878510383538,
    11.45989240905214,
    11.12692300038243
  ],