{
  "scenario": "low",
  "velocity_md": 0.001,
  "n_years": 25,
  "Tf_jan": [
    10.090326195692969,
    10.238445508863167,
    11.064896379651913,
    12.01622532440419,
    12.724039965522854,
    15.255181929217548,
    18.03566334293952,
    18.527453528204543,
    13.275089443686007,
    12.363430549879677,
    11.636993190182796,
    10.596821881240881,
    10.1496708029431,
    10.281245569718028,
    11.098161434528956,
    12.043717572545953,
    12.747857689352001,
    15.276533146219741,
    18.05526464680589,
    18.545745903033357,
    13.962115271257872,
    12.644930768840235,
    11.786200321415034,
    10.68639527395259,
    10.164229644437295,
    10.29531839307084,
    11.111793624296629,
    12.056946463516612,
    12.760715173899134,
    15.289046955039618,
    18.067458696109426,
    18.557641220498784,
    13.979380394295829,
    12.661355971419935,
    11.801916546706815,
    10.70149701074681,
    10.174878806314268,
    10.305757524917352,
    11.122033149167416,
    12.066995765805258,
    12.770583009096912,
    15.298741529211195,
    18.07698753204786,
    18.5670112174527,
    13.990995999123177,
    12.672708580825711,
    11.81302150083546,
    10.712367849309976,
    10.183543829197351,
    10.31429678488874,
    11.13045105409207,
    12.075296301623297,
    12.778769989494078,
    15.306818593996052,
    18.084958152194044,
    18.574878578291536,
    14.00021375958631,
    12.681780066246278,
    11.821952453158683,
    10.721163388575176,
    10.190937940330361,
    10.321603850659054,
    11.13767337721997,
    12.082435954956155,
    12.78582899210385,
    15.313798881284301,
    18.091861657348034,
    18.58170704907815,
    14.007981021056594,
    12.689450069253509,
    11.82952803358501,
    10.728647008253187,
    10.197415626394012,
    10.328015787480098,
    11.144020944351462,
    12.08872038389519,
    12.792051504498426,
    15.319960647496877,
    18.097963890086945,
    18.58775083101985,
    14.014736244687315,
    12.696133634569637,
    11.83614157995172,
    10.735191919380135,
    10.203182712433186,
    10.333730382102395,
    11.149683961790622,
    12.094332634437665,
    12.797613806795193,
    15.325473776845294,
    18.103428687340774,
    18.593168038760638,
    14.020722721870635,
    12.702063799861062,
    11.842016514227968,
    10.741012475107922,
    10.208372782106927,
    10.338877027154995,
    11.154787832814701,
    12.099394308545467,
    12.802633874508121,
    15.330452795269029,
    18.10836728294437,
    18.598066746322214,
    14.026093138534772,
    12.707388110419373,
    11.847295482106542,
    10.7462466776518,
    10.213080066268853,
    10.343547530543711,
    11.159422042901936,
    12.10399265918141,
    12.807196815525334,
    15.334980749603016,
    18.11286072871377,
    18.60252610331142,
    14.030952552102177,
    12.712208739311038,
    11.852077894354943,
    10.750991280801722,
    10.217375202747988,
    10.347810991840351,
    11.163654214939022,
    12.108193881819526,
    12.811367445148894,
    15.339121119247778,
    18.116971220920334,
    18.60660705239128,
    14.035378280205611,
    12.7166012311467,
    11.856437598076285,
    10.7553185143291,
    10.221313428912035,
    10.351721615097057,
    11.167537548403144,
    12.112050198130389,
    12.815197033822422,
    15.342924257409628,
    18.12074821295391,
    18.610358171121035,
    14.039430055523727,
    12.720624146046948,
    11.860432015028154,
    10.75928468481967,
    10.22493928360319,
    10.355323195168866,
    11.171115112315105,
    12.115603970234599,
    12.81872725344125,
    15.346431158230965,
    18.124232043852995,
    18.613819156866466,
    14.043155605631906,
    12.724324383802976,
    11.864107239136075,
    10.762935098879103,
    10.228289479101411,
    10.358651884983376,
    11.174422514143734,
    12.118890271824046,
    12.821992655246023,
    15.34967586206597,
    18.127456252754445,
    18.617023060264902,
    14.046594002326303,
    12.727740405215918,
    11.867501136184698,
    10.766307036774851,
    10.231394771646626,
    10.361738008318277,
    11.177489654404651,
    12.121938587575386,
    12.825022315899586,
    15.352687042067949,
    18.13044912351933,
    18.61999778258383,
    14.049777818308492,
    12.730904314289225,
    11.870645351867095,
    10.769431698435971,
    10.234281253024008,
    10.364607313479878,
    11.18034194472999,
    12.124773998226505,
    12.827840991609367,
    15.355489134921195,
    18.133234780300036,
    18.622767140129472,
    14.052734578365017,
    12.733843266331059,
    11.873566680472619,
    10.77233552537008,
    10.236971277261093,
    10.36728187953946,
    11.183001191954558,
    12.127418042425194,
    12.830469957933179,
    15.358103157190913,
    18.135833983331906,
    18.62535164294138,
    14.055487797726423,
    12.736580480070518,
    11.87628804906053,
    10.775041155882642,
    10.239484160314186,
    10.369780795327836,
    11.185486261187846,
    12.129889364629062,
    12.832927642317058,
    15.360547322352232,
    18.13826473511351,
    18.627769086255658,
    14.058057740852202,
    12.739135977992063,
    11.878829242556229,
    10.777568138509379,
    10.241836707130544,
    10.372120676228004,
    11.187813581397275,
    12.132204210268334,
    12.835230108915603,
    15.362837513940574,
    18.14054274507497,
    18.630035006140446,
    14.0604619989344,
    12.741527150641822,
    11.881207453601508,
    10.779933469712924,
    10.244043623908777,
    10.374316068372304,
    11.18999754164772,
    12.134376813608288,
    12.83739143946326,
    15.364987663405268,
    18.14268179557913,
    18.632163038457485,
    14.062715937227146,
    12.74376919443867,
    11.883437713199735,
    10.78215201844161,
    10.246117845469636,
    10.376379770945933,
    11.192050807880216,
    12.136419709187656,
    12.839424038619052,
    15.367010048262278,
    18.144694037997688,
    18.634165209884433,
    14.064833047210822,
    12.74587545882579,
    11.885533230195275,
    10.784236856690946,
    10.248070794037428,
    10.37832309272644,
    11.193984575800679,
    12.138343981027658,
    12.84133887951571,
    15.368915532557569,
    18.146590228348582,
    18.636052169780744,
    14.066825232789393,
    12.747857726368785,
    11.887505667812423,
    10.786199517897762,
    10.24991261046004,
    10.380156074337398,
    11.195808787561706,
    12.140159474360702,
    12.843145712042023,
    15.370713771503796,
    18.14837992871962,
    18.63783338830033,
    14.068703038189906,
    12.749726437152436,
    11.889365363781728,
    10.788050247317075,
    10.251652320565228,
    10.381887656459275,
    11.197532299507928,
    12.141874961955065,
    12.844853226483352,
    15.372413373164017,
    18.150071666728167,
    18.639517313524212,
    14.070475842749829,
    12.751490880924774,
    11.89112151889558,
    10.789798156632061,
    10.253297988067185,
    10.383525828682886,
    11.199163028097107,
    12.143498287770344,
    12.846469195048659,
    15.374022039613692,
    18.151673074196573,
    18.641111507724396,
    14.072152015969781,
    12.753159349605221,
    11.892782348554404,
    10.79145138315235
  ],