{
  "scenario": "low",
  "velocity_md": 0.001,
  "porosity": 0.2,
  "n_years": 25,
  "Tf_jan": [
    9.832855139340346,
    9.992770680968167,
    10.887995029790206,
    11.920856750032852,
    12.6921583336968,
    15.430099315651436,
    18.436816073803385,
    18.97528806825926,
    13.27497386918624,
    12.290847780464262,
    11.505823148684552,
    10.380792482916831,
    9.89491704526605,
    10.036300757799516,
    10.920967266867386,
    11.947505518960032,
    12.714830093847613,
    15.45014200010409,
    18.45502406854135,
    18.992147370192235,
    14.050333354339054,
    12.61770454340924,
    11.67217341197322,
    10.477359848607232,
    9.908066824436427,
    10.048979895432261,
    10.933221221829726,
    11.959371610060762,
    12.726339643100557,
    15.461322143875325,
    18.4658980744531,
    19.002735605246876,
    14.066151204005502,
    12.632682996024188,
    11.686451912800063,
    10.491037189779917,
    9.917462858712742,
    10.058174885323673,
    10.942225091986828,
    11.968193468449321,
    12.734987865266191,
    15.469804564506163,
    18.474221900253774,
    19.010907477262258,
    14.076471634239823,
    12.64275171643225,
    11.696283708421358,
    10.5006451292125,
    9.924959902833615,
    10.065551532357407,
    10.949485479727386,
    11.975341486368063,
    12.742027171637705,
    15.476738638994508,
    18.481054046031012,
    19.017640790003966,
    14.084497675236525,
    12.650637661345122,
    11.704035131393248,
    10.508266989239576,
    9.931240373518387,
    10.071748780796423,
    10.95560165565243,
    11.981378637117862,
    12.747987247896617,
    15.48262349595877,
    18.4868655145414,
    19.023380592630453,
    14.09113505652542,
    12.657181884513477,
    11.710489003026407,
    10.514632952298285,
    9.936645487173957,
    10.077091259435242,
    10.960882781381713,
    11.986599641729246,
    12.753149315641348,
    15.487727743055864,
    18.49191309164439,
    19.02837258123895,
    14.096804820535983,
    12.662783187640885,
    11.71602350087534,
    10.520102045742906,
    9.941374674826749,
    10.081770689033359,
    10.965513297776893,
    11.99118206198979,
    12.75768443054247,
    15.492216292301094,
    18.496355862328706,
    19.0327703161945,
    14.10174224693236,
    12.667667055441168,
    11.720854902023675,
    10.524881873982768,
    9.945557767680624,
    10.085912826979353,
    10.969615079765974,
    11.99524407041593,
    12.761707231925442,
    15.49620041236837,
    18.500301876804087,
    19.036678768805125,
    14.106095652151193,
    12.671976824224274,
    11.725121811933763,
    10.52910654564229,
    9.949286195125934,
    10.08960672039565,
    10.973274887124255,
    11.998870229247729,
    12.765300169443185,
    15.499760521344658,
    18.50382959966548,
    19.040174522295924,
    14.10996705934885,
    12.67581169632419,
    11.728920731183635,
    10.53286997267666,
    9.9526281070041,
    10.09291900588245,
    10.976557894580532,
    12.002124300173481,
    12.768525638160515,
    15.502957692578601,
    18.506998826371454,
    19.04331613301587,
    14.113431238432423,
    12.679244694460428,
    11.732322997475862,
    10.536241871658,
    9.955636418826044,
    10.095901570941166,
    10.97951499167745,
    12.00505620352763,
    12.771432616656188,
    15.50583999087878,
    18.509856731535432,
    19.04614991018253,
    14.116545545350945,
    12.682332010028935,
    11.735383681554689,
    10.539276218166787,
    9.958353452648307,
    10.09859600254386,
    10.982187049073772,
    12.007706111636901,
    12.774060596216188,
    15.508446243047125,
    18.512441493949105,
    19.048713400307754,
    14.119355447175161,
    12.685118290737128,
    11.738146633436127,
    10.542016088758366,
    9.960813814774164,
    10.101036359931836,
    10.984607591386007,
    12.010107026210243,
    12.776442067216639,
    15.510808440509248,
    18.514784615318312,
    19.051037626097237,
    14.12189787336284,
    12.687639863678722,
    11.740647593887871,
    10.544496649943373,
    9.96304628547788,
    10.103251003574222,
    10.986804567759346,
    12.012286493450143,
    12.778604180884338,
    15.512953344778484,
    18.516912477334706,
    19.053148598240647,
    14.124203378121925,
    12.689926824806918,
    11.742916213532384,
    10.546747111047512,
    9.965075124867266,
    10.105263863605572,
    10.98880158409178,
    12.014267801244392,
    12.780569912934805,
    15.514903623340732,
    18.51884744640152,
    19.05506838829723,
    14.126297608322039,
    12.692004463987708,
    11.744977431652222,
    10.548792068398757,
    9.966921008694246,
    10.107095350877312,
    10.990618791209332,
    12.016070844665808,
    12.782358907213466,
    15.516678673110352,
    18.520608676513568,
    19.056815911560676,
    14.12820234602367,
    12.693894278904908,
    11.746852469424034,
    10.55065246791106,
    9.968601718672014,
    10.108763031836485,
    10.992273543804972,
    12.017712769997171,
    12.783988104972405,
    15.518295233433605,
    18.522212708687768,
    19.05840751361989,
    14.12993627184035,
    12.695614719497051,
    11.748559549617635,
    10.55234631010006,
    9.970132668848779,
    10.110282142796294,
    10.993780903109261,
    12.01920846618024,
    12.78547222538918,
    15.519767856171427,
    18.523673930104756,
    19.059857419423565,
    14.131515538846454,
    12.69718174935489,
    11.75011445009506,
    10.553889189307064,
    9.971527309799434,
    10.111665986313692,
    10.99515402592988,
    12.020570945798559,
    12.786824139152406,
    15.52110927214142,
    18.52500493377186,
    19.061178086119185,
    14.132954212155088,
    12.698609276167282,
    11.75153092420468,
    10.555294706416873,
    9.972797447968473,
    10.112926244304738,
    10.99640447129895,
    12.021811646962684,
    12.788055164679815,
    15.522330681590084,
    18.526216803362743,
    19.062380482451502,
    14.134264614933006,
    12.699909491005954,
    11.75282103297036,
    10.556574794242199,
    9.973953501063834,
    10.11407322876433,
    10.99754244656058,
    12.022940673940438,
    12.78917530453399,
    15.523441986675284,
    18.52731934190343,
    19.0634743136049,
    14.135457602563733,
    12.70109313744305,
    11.753995409829576,
    10.557739977472096,
    9.975004704464945,
    10.115116084530715,
    10.998577007320256,
    12.023966994104406,
    12.790193438983035,
    15.52445198160153,
    18.528321258679156,
    19.064468204927003,
    14.1365427836305,
    12.702169728680692,
    11.755063473967132,
    10.558799583000717,
    9.975959280340286,
    10.116062956112078,
    10.999516221369774,
    12.0248985992325,
    12.791117484757631,
    15.525368508871733,
    18.529230322928505,
    19.065369853278227,
    14.13752870057441,
    12.703147725311961,
    11.756033605299322,
    10.559761911507874,
    9.97682457593152,
    10.116921123511734,
    11.000367302428513,
    12.025742637438873,
    12.791954525010695,
    15.526198587496527,
    18.53005349015377,
    19.06618615136386,
    14.138422978725032,
    12.704034681983913,
    11.75691328887523,
    10.560634378523957
  ],
  "mae_vs_eed": 0.365486782346707,
  "r2_vs_eed": 0.9984610459911064,
  "amplitude": 9.233331012023513
}