{
  "scenario": "medium",
  "velocity_md": 0.1,
  "porosity": 0.2,
  "n_years": 25,
  "Tf_jan": [
    10.26011128018813,
    10.43895573969807,
    11.259772137288618,
    12.174167226833188,
    12.836553624598489,
    15.28624403375387,
    17.921716118686895,
    18.287127720476853,
    13.275155429241625,
    12.381251794369438,
    11.698453246636818,
    10.71096581980468,
    10.334575160745196,
    10.505910030888739,
    11.322457232493598,
    12.234217645544842,
    12.894760019640989,
    15.343238170888032,
    17.97765749463371,
    18.342112926808767,
    13.754237622911921,
    12.587029918580765,
    11.820078518407685,
    10.80012272831257,
    10.384710687584306,
    10.554927536625428,
    11.370287211399772,
    12.280776954899064,
    12.93991199506076,
    15.387124716736327,
    18.02014446235254,
    18.383141253613637,
    13.808276997477105,
    12.640148400026069,
    11.872257292775625,
    10.85130697089929,
    10.418042048736027,
    10.586694217780224,
    11.400502405572384,
    12.309452844863308,
    12.966997550119055,
    15.412823044884604,
    18.044419114605596,
    18.406015637359154,
    13.847783734272099,
    12.678136378561074,
    11.908730369536535,
    10.886211385892278,
    10.434557920442275,
    10.602080290776154,
    11.414811126496637,
    12.322733058759452,
    12.97927293068823,
    15.424205944405944,
    18.054932536321484,
    18.415701066709083,
    13.869277018048212,
    12.698307738243543,
    11.927657075227605,
    10.903910720721996,
    10.44076282860067,
    10.607711230141291,
    11.41990716273293,
    12.327330484881326,
    12.983394006878246,
    15.427909337597832,
    18.058237475421954,
    18.418634584488743,
    13.878169401115898,
    12.706454588017479,
    11.935127945703968,
    10.910730331981789,
    10.442226705429412,
    10.608948140788126,
    11.42093732925445,
    12.328172759862984,
    12.984060337995706,
    15.428424755788075,
    18.058612682639833,
    18.41888274195872,
    13.880754990326981,
    12.708719004167598,
    11.937108295122945,
    10.912442157861985,
    10.442015308769731,
    10.608673910990522,
    11.420608613784287,
    12.327797185354598,
    12.983643020518343,
    15.42797441970544,
    18.058133693808287,
    18.41838008057325,
    13.8808877665906,
    12.708748328468689,
    11.937049206254287,
    10.912302523096397,
    10.44145665957797,
    10.608113674784423,
    11.420049358200707,
    12.327241205285596,
    12.98309213978008,
    15.427430060657873,
    18.05759741212656,
    18.41785320848731,
    13.880366096887048,
    12.708212009949099,
    11.936502305915354,
    10.911748307111587,
    10.440990157233347,
    10.607660915631104,
    11.419610651438296,
    12.326816790913856,
    12.982682466073646,
    15.427034256286067,
    18.057215849160137,
    18.41748590682134,
    13.87984998664316,
    12.707707641866298,
    11.936009760409169,
    10.911268510837786,
    10.440691341139198,
    10.607375025858918,
    11.41933736017118,
    12.326555774997114,
    12.982433716600179,
    15.426796624559625,
    18.056989315346357,
    18.417270181189405,
    13.879497059989305,
    12.707368937419414,
    11.935684362822766,
    10.910956499218305,
    10.440524022491438,
    10.607216308857076,
    11.419186878610596,
    12.326413183671304,
    12.982298910998372,
    15.426668757834992,
    18.056868289983452,
    18.417155733614408,
    13.879291934097433,
    12.707174047201747,
    11.935498853163814,
    10.910780233526534,
    10.440438042038219,
    10.60713522632075,
    11.419110438893403,
    12.326341149720546,
    12.98223119325618,
    15.426604848080391,
    18.056808107185287,
    18.41709910624922,
    13.879183853429016,
    12.707072041803528,
    11.935402355180202,
    10.910689105758284,
    10.440396476274111,
    10.607096198333934,
    11.419073800599115,
    12.326306764611715,
    12.982199005458511,
    15.426574584507595,
    18.056779717832008,
    18.417072495332214,
    13.879130639792162,
    12.707022061432333,
    11.935355285107098,
    10.910644854871617,
    10.440377287406854,
    10.607078241463142,
    11.419056998266012,
    12.326291045806508,
    12.982184340002496,
    15.426560836140826,
    18.056766859666105,
    18.417060478566405,
    13.879105726872918,
    12.706998748413191,
    11.93533340476222,
    10.910624356085858,
    10.440368743143882,
    10.607070267139004,
    11.419049556085747,
    12.326284101262619,
    12.982177878143835,
    15.426554792543964,
    18.056761221032666,
    18.417055221545503,
    13.87909451011384,
    12.706988282523499,
    11.935323608588558,
    10.910615203586548,
    10.440365047468951,
    10.607066825471385,
    11.419046350891799,
    12.326281116585852,
    12.982175107004414,
    15.426552205710287,
    18.056758812297304,
    18.41705298024058,
    13.879089614764766,
    12.706983725612083,
    11.935319352576553,
    10.910611236042701,
    10.440363486477782,
    10.607065374374859,
    11.419045001863097,
    12.326279862520845,
    12.982173944783465,
    15.426551122493006,
    18.056757805307257,
    18.41705204477489,
    13.879087531735331,
    12.706981790336059,
    11.93531754832214,
    10.910609557151002,
    10.440362840003639,
    10.607064774313368,
    11.41904444482482,
    12.326279345436074,
    12.982173466303873,
    15.426550677124073,
    18.05675739184728,
    18.417051661208443,
    13.8790866637421,
    12.70698098520755,
    11.935316798817478,
    10.910608860786024,
    10.440362576660213,
    10.607064530185731,
    11.419044218480366,
    12.326279135580148,
    12.982173272368948,
    15.426550496809131,
    18.056757224645565,
    18.417051506275794,
    13.879086308327079,
    12.706980655979597,
    11.935316492717131,
    10.910608576753397,
    10.440362470878146,
    10.60706443222809,
    11.419044127753777,
    12.326279051549317,
    12.982173194800037,
    15.426550424755664,
    18.05675715789831,
    18.417051444487775,
    13.879086164931778,
    12.706980523302299,
    11.935316369490472,
    10.91060846253539,
    10.440362428891682,
    10.607064393383197,
    11.419044091808763,
    12.326279018286481,
    12.982173164124713,
    15.42655039628438,
    18.05675713154617,
    18.417051420114397,
    13.879086107801516,
    12.706980470494178,
    11.935316320488091,
    10.910608417157874,
    10.440362412397002,
    10.60706437813488,
    11.419044077709742,
    12.326279005249448,
    12.982173152111903,
    15.426550385142413,
    18.05675712124109,
    18.41705141059016,
    13.879086085284666,
    12.706980449698435,
    11.935316301205983,
    10.910608399316512,
    10.440362405974279,
    10.607064372201574,
    11.419044072227342,
    12.326279000183348,
    12.982173147447224,
    15.42655038081848,
    18.056757117244484,
    18.41705140689876,
    13.879086076492374,
    12.706980441584147,
    11.935316293687329,
    10.910608392364516,
    10.44036240349263,
    10.607064369910415,
    11.419044070111545,
    12.326278998229338,
    12.982173145649199,
    15.426550379152662,
    18.05675711570563,
    18.417051405478226,
    13.879086073086848,
    12.70698043844324,
    11.935316290778673,
    10.910608389676707
  ],
  "mae_vs_eed": 0.06937872043621117,
  "r2_vs_eed": 0.9990456316963384,
  "amplitude": 8.158771461770588
}