{
  "scenario": "high",
  "velocity_md": 1.0,
  "porosity": 0.2,
  "n_years": 25,
  "Tf_jan": [
    10.964727203096064,
    11.17868201285134,
    11.896113278291054,
    12.655010257383244,
    13.185794761519901,
    15.176399630554283,
    17.226794776284727,
    17.356390729364787,
    13.27495579253195,
    12.541479193706921,
    12.021578369943992,
    11.260736868514417,
    10.98687426252966,
    11.190137601793946,
    11.901815741845203,
    12.657760957079423,
    13.18705333503982,
    15.176988294577573,
    17.227058724365158,
    17.35650687452528,
    13.521105150916142,
    12.672871967814919,
    12.095804625614207,
    11.301958632245398,
    10.986875985816273,
    11.190138349173829,
    11.901816063054317,
    12.65776109293158,
    13.187053393991244,
    15.17698832166251,
    17.227058735883254,
    17.35650687909479,
    13.52115398939363,
    12.67289335920374,
    12.095813926729349,
    11.301962646156518,
    10.98687598577211,
    11.190138349128762,
    11.901816063018876,
    12.657761092906437,
    13.187053393976484,
    15.17698832165388,
    17.227058735878195,
    17.356506879091853,
    13.52115399092419,
    12.672893359746517,
    12.095813926899151,
    11.301962646153061,
    10.986875985771976,
    11.190138349128695,
    11.901816063018838,
    12.657761092906421,
    13.187053393976479,
    15.176988321653873,
    17.227058735878195,
    17.356506879091853,
    13.521153990922528,
    12.672893359745594,
    12.09581392689865,
    11.301962646152798,
    10.986875985771976,
    11.190138349128695,
    11.901816063018842,
    12.657761092906421,
    13.187053393976475,
    15.176988321653873,
    17.227058735878188,
    17.356506879091853,
    13.521153990922528,
    12.672893359745588,
    12.09581392689865,
    11.301962646152798,
    10.986875985771972,
    11.190138349128695,
    11.901816063018842,
    12.657761092906423,
    13.187053393976479,
    15.176988321653877,
    17.227058735878188,
    17.356506879091853,
    13.521153990922528,
    12.672893359745592,
    12.09581392689865,
    11.301962646152798,
    10.986875985771976,
    11.190138349128695,
    11.901816063018842,
    12.657761092906421,
    13.187053393976475,
    15.176988321653873,
    17.227058735878188,
    17.356506879091853,
    13.521153990922528,
    12.672893359745592,
    12.09581392689865,
    11.301962646152798,
    10.986875985771976,
    11.190138349128695,
    11.901816063018842,
    12.657761092906421,
    13.187053393976475,
    15.176988321653873,
    17.227058735878188,
    17.356506879091853,
    13.521153990922528,
    12.672893359745594,
    12.09581392689865,
    11.301962646152795,
    10.986875985771976,
    11.190138349128695,
    11.901816063018838,
    12.657761092906421,
    13.187053393976475,
    15.176988321653873,
    17.227058735878195,
    17.356506879091853,
    13.521153990922528,
    12.672893359745594,
    12.09581392689865,
    11.301962646152798,
    10.986875985771976,
    11.190138349128695,
    11.901816063018838,
    12.657761092906421,
    13.187053393976475,
    15.176988321653873,
    17.227058735878195,
    17.356506879091853,
    13.521153990922528,
    12.672893359745588,
    12.09581392689865,
    11.301962646152798,
    10.986875985771976,
    11.190138349128695,
    11.901816063018838,
    12.657761092906421,
    13.187053393976475,
    15.176988321653873,
    17.227058735878188,
    17.356506879091853,
    13.521153990922528,
    12.672893359745594,
    12.09581392689865,
    11.301962646152798,
    10.986875985771976,
    11.190138349128695,
    11.901816063018842,
    12.657761092906423,
    13.187053393976475,
    15.176988321653877,
    17.227058735878188,
    17.356506879091853,
    13.521153990922528,
    12.672893359745592,
    12.09581392689865,
    11.301962646152798,
    10.986875985771976,
    11.190138349128691,
    11.901816063018835,
    12.657761092906421,
    13.187053393976475,
    15.176988321653873,
    17.227058735878195,
    17.356506879091853,
    13.521153990922528,
    12.672893359745592,
    12.09581392689865,
    11.301962646152798,
    10.986875985771972,
    11.190138349128691,
    11.901816063018838,
    12.657761092906421,
    13.187053393976475,
    15.176988321653877,
    17.227058735878195,
    17.356506879091853,
    13.521153990922528,
    12.672893359745588,
    12.09581392689865,
    11.301962646152795,
    10.986875985771976,
    11.190138349128695,
    11.901816063018838,
    12.657761092906423,
    13.187053393976475,
    15.176988321653873,
    17.227058735878188,
    17.356506879091853,
    13.521153990922528,
    12.672893359745594,
    12.09581392689865,
    11.301962646152798,
    10.986875985771976,
    11.190138349128695,
    11.901816063018838,
    12.657761092906423,
    13.187053393976475,
    15.176988321653873,
    17.227058735878188,
    17.356506879091853,
    13.521153990922528,
    12.672893359745594,
    12.095813926898648,
    11.301962646152798,
    10.986875985771976,
    11.190138349128695,
    11.901816063018842,
    12.657761092906423,
    13.187053393976475,
    15.176988321653877,
    17.227058735878195,
    17.356506879091853,
    13.521153990922528,
    12.672893359745592,
    12.09581392689865,
    11.301962646152798,
    10.986875985771976,
    11.190138349128695,
    11.901816063018842,
    12.657761092906423,
    13.187053393976475,
    15.176988321653873,
    17.227058735878188,
    17.356506879091853,
    13.521153990922528,
    12.672893359745594,
    12.09581392689865,
    11.301962646152798,
    10.986875985771976,
    11.190138349128695,
    11.901816063018842,
    12.657761092906423,
    13.187053393976479,
    15.176988321653873,
    17.227058735878188,
    17.356506879091853,
    13.521153990922524,
    12.672893359745594,
    12.09581392689865,
    11.301962646152798,
    10.986875985771968,
    11.190138349128695,
    11.901816063018838,
    12.657761092906421,
    13.187053393976475,
    15.176988321653873,
    17.227058735878188,
    17.35650687909185,
    13.521153990922528,
    12.672893359745594,
    12.095813926898654,
    11.301962646152798,
    10.986875985771972,
    11.190138349128695,
    11.901816063018838,
    12.657761092906421,
    13.187053393976475,
    15.176988321653873,
    17.227058735878188,
    17.356506879091853,
    13.521153990922524,
    12.672893359745588,
    12.095813926898648,
    11.301962646152795,
    10.986875985771972,
    11.190138349128695,
    11.901816063018838,
    12.657761092906421,
    13.187053393976475,
    15.176988321653873,
    17.227058735878188,
    17.356506879091853,
    13.521153990922528,
    12.672893359745588,
    12.09581392689865,
    11.301962646152798,
    10.986875985771976,
    11.190138349128695,
    11.901816063018838,
    12.657761092906421,
    13.187053393976475,
    15.176988321653873,
    17.227058735878188,
    17.356506879091853,
    13.521153990922523,
    12.672893359745588,
    12.09581392689865,
    11.301962646152798,
    10.986875985771976,
    11.190138349128695,
    11.901816063018842,
    12.657761092906423,
    13.187053393976475,
    15.176988321653873,
    17.227058735878195,
    17.356506879091853,
    13.521153990922528,
    12.672893359745588,
    12.09581392689865,
    11.301962646152798
  ],
  "mae_vs_eed": 0.4063012023269315,
  "r2_vs_eed": 0.9948606584238445,
  "amplitude": 6.391779675998727
}