{
  "scenario": "high",
  "velocity_md": 1.0,
  "n_years": 25,
  "Tf_jan": [
    12.167173853726226,
    12.285405396892816,
    12.645173042235989,
    13.015938454230795,
    13.266462956966564,
    14.233854083907671,
    15.217601440095928,
    15.243677809631048,
    13.27493835113195,
    12.91376639455118,
    12.663737178856886,
    12.29915058753324,
    12.167190240714097,
    12.28540712415018,
    12.645173305579512,
    13.015938481613738,
    13.266462969611371,
    14.233854084654956,
    15.217601440280475,
    15.24367780961276,
    13.325890279169247,
    12.922114572805114,
    12.664917292426532,
    12.299297084489472,
    12.167190240714055,
    12.28540712414929,
    12.645173305578785,
    13.015938481613949,
    13.266462969610936,
    14.233854084654247,
    15.217601440280635,
    15.243677809612448,
    13.32589027918534,
    12.922114572806802,
    12.664917292427146,
    12.299297084489988,
    12.167190240713552,
    12.2854071241486,
    12.645173305578298,
    13.015938481614166,
    13.266462969610615,
    14.233854084653686,
    15.217601440281081,
    15.243677809612471,
    13.325890279185673,
    12.922114572806617,
    12.664917292427665,
    12.299297084490547,
    12.167190240713811,
    12.285407124148362,
    12.645173305577591,
    13.01593848161423,
    13.266462969610496,
    14.233854084653322,
    15.217601440281072,
    15.243677809611993,
    13.325890279185924,
    12.922114572806542,
    12.664917292428113,
    12.299297084491078,
    12.16719024071385,
    12.28540712414794,
    12.64517330557699,
    13.015938481614338,
    13.266462969610206,
    14.233854084652801,
    15.217601440281166,
    15.243677809611775,
    13.3258902791864,
    12.922114572806239,
    12.66491729242801,
    12.299297084491656,
    12.167190240713268,
    12.285407124147417,
    12.645173305576542,
    13.015938481614349,
    13.266462969609897,
    14.233854084652357,
    15.217601440281262,
    15.243677809611507,
    13.32589027918658,
    12.92211457280607,
    12.66491729242839,
    12.29929708449191,
    12.167190240713492,
    12.285407124147184,
    12.645173305576032,
    13.01593848161447,
    13.266462969609748,
    14.233854084651934,
    15.217601440281312,
    15.243677809611324,
    13.325890279186938,
    12.92211457280599,
    12.66491729242838,
    12.29929708449225,
    12.167190240713314,
    12.285407124146941,
    12.645173305575648,
    13.015938481614503,
    13.26646296960959,
    14.233854084651634,
    15.217601440281351,
    15.243677809611151,
    13.325890279187051,
    12.922114572805768,
    12.664917292428635,
    12.299297084492654,
    12.167190240713248,
    12.285407124146763,
    12.645173305575526,
    13.015938481614535,
    13.266462969609345,
    14.233854084651378,
    15.217601440281461,
    15.24367780961111,
    13.325890279187226,
    12.922114572805697,
    12.664917292428703,
    12.299297084492785,
    12.167190240713225,
    12.285407124146596,
    12.645173305575284,
    13.015938481614569,
    13.266462969609385,
    14.233854084651322,
    15.217601440281495,
    15.243677809611032,
    13.325890279187213,
    12.922114572805517,
    12.664917292428761,
    12.299297084492938,
    12.167190240713207,
    12.285407124146495,
    12.645173305575204,
    13.015938481614532,
    13.266462969609202,
    14.233854084651144,
    15.217601440281557,
    15.243677809611054,
    13.325890279187343,
    12.922114572805478,
    12.6649172924288,
    12.299297084493055,
    12.167190240712912,
    12.285407124146305,
    12.645173305575096,
    13.01593848161457,
    13.266462969609206,
    14.233854084651094,
    15.21760144028149,
    15.243677809610938,
    13.32589027918727,
    12.922114572805455,
    12.664917292428859,
    12.299297084492967,
    12.167190240713207,
    12.285407124146438,
    12.645173305575108,
    13.015938481614603,
    13.266462969609218,
    14.233854084651055,
    15.217601440281532,
    15.243677809610977,
    13.3258902791874,
    12.922114572805423,
    12.664917292428855,
    12.299297084493205,
    12.167190240713188,
    12.285407124146333,
    12.645173305574938,
    13.015938481614517,
    13.266462969609108,
    14.23385408465099,
    15.217601440281545,
    15.24367780961096,
    13.32589027918733,
    12.922114572805373,
    12.664917292428886,
    12.299297084493112,
    12.167190240712944,
    12.285407124146227,
    12.645173305574902,
    13.01593848161451,
    13.26646296960921,
    14.233854084651067,
    15.217601440281515,
    15.243677809610881,
    13.325890279187306,
    12.922114572805409,
    12.664917292428873,
    12.299297084493098,
    12.167190240713214,
    12.28540712414638,
    12.645173305574996,
    13.015938481614581,
    13.266462969609151,
    14.23385408465104,
    15.217601440281591,
    15.243677809610961,
    13.325890279187453,
    12.9221145728054,
    12.66491729242884,
    12.299297084493267,
    12.167190240713179,
    12.285407124146287,
    12.645173305574902,
    13.01593848161457,
    13.266462969609128,
    14.233854084650956,
    15.217601440281545,
    15.243677809610965,
    13.325890279187345,
    12.922114572805373,
    12.664917292428793,
    12.299297084493206,
    12.167190240713087,
    12.28540712414635,
    12.645173305575007,
    13.015938481614548,
    13.266462969609153,
    14.233854084650998,
    15.217601440281532,
    15.243677809610922,
    13.325890279187325,
    12.922114572805379,
    12.664917292428848,
    12.299297084493116,
    12.167190240712975,
    12.285407124146243,
    12.64517330557494,
    13.015938481614553,
    13.266462969609135,
    14.233854084650975,
    15.217601440281452,
    15.243677809610864,
    13.325890279187352,
    12.922114572805363,
    12.664917292428928,
    12.29929708449322,
    12.167190240712987,
    12.285407124146207,
    12.64517330557488,
    13.015938481614555,
    13.266462969609226,
    14.233854084651025,
    15.217601440281472,
    15.243677809610864,
    13.325890279187421,
    12.922114572805453,
    12.664917292428965,
    12.299297084493196,
    12.167190240713023,
    12.285407124146234,
    12.645173305574975,
    13.015938481614564,
    13.266462969609147,
    14.233854084651016,
    15.217601440281518,
    15.2436778096109,
    13.325890279187442,
    12.922114572805478,
    12.664917292428951,
    12.299297084493167,
    12.167190240713298,
    12.285407124146287,
    12.645173305574893,
    13.015938481614565,
    13.266462969609101,
    14.233854084650922,
    15.217601440281546,
    15.243677809610965,
    13.325890279187432,
    12.922114572805386,
    12.664917292428829,
    12.299297084493187,
    12.167190240713138,
    12.285407124146289,
    12.645173305574897,
    13.015938481614535,
    13.266462969609236,
    14.233854084651052,
    15.217601440281515,
    15.24367780961087,
    13.325890279187343,
    12.922114572805373,
    12.664917292428813,
    12.299297084493096,
    12.167190240713222,
    12.285407124146273,
    12.645173305574863,
    13.015938481614581,
    13.266462969609236,
    14.233854084650984,
    15.217601440281458,
    15.243677809610872,
    13.32589027918745,
    12.922114572805393,
    12.664917292428836,
    12.299297084493274
  ],