{
  "scenario": "medium",
  "velocity_md": 0.1,
  "n_years": 25,
  "Tf_jan": [
    10.962261351482049,
    11.134573320595688,
    11.80499931040922,
    12.535885250665684,
    13.062729087896455,
    15.011137433481526,
    17.06339266908042,
    17.287833832914274,
    13.274928396119664,
    12.56566446847605,
    12.044564228010275,
    11.285418332629508,
    11.062108956987247,
    11.204494345715682,
    11.852239875985424,
    12.566428121987045,
    13.081524989057469,
    15.022282381009985,
    17.06969843471334,
    17.29125431042988,
    13.655582194488979,
    12.807970249162231,
    12.22955550725514,
    11.423320587091151,
    11.062217077064496,
    11.204634665303155,
    11.852277828194351,
    12.566448024145718,
    13.081536307485887,
    15.022288766930332,
    17.06970203160643,
    17.291256682470674,
    13.657344536014039,
    12.808864582952571,
    12.229990688326637,
    11.423526705160025,
    11.062217246581513,
    11.204634875746997,
    11.85227789606616,
    12.56644779243946,
    13.081536176219918,
    15.022288711601972,
    17.069702004596742,
    17.291256675219373,
    13.657345961108623,
    12.808865836568991,
    12.229991545646131,
    11.423527055351006,
    11.06221724698485,
    11.204634876443034,
    11.852277896335876,
    12.566447791825908,
    13.081536175799586,
    15.022288711365038,
    17.069702004452687,
    17.291256675135642,
    13.65734595743651,
    12.80886583328073,
    12.22999154573029,
    11.423527055919296,
    11.062217246983817,
    11.20463487644331,
    11.852277896336489,
    12.566447791826862,
    13.081536175800162,
    15.022288711365368,
    17.069702004452832,
    17.291256675135706,
    13.657345957387331,
    12.808865833252673,
    12.229991545717292,
    11.423527055914672,
    11.062217246983824,
    11.204634876443313,
    11.852277896336489,
    12.566447791826862,
    13.081536175800165,
    15.02228871136537,
    17.06970200445284,
    17.291256675135703,
    13.65734595738736,
    12.808865833252698,
    12.229991545717288,
    11.423527055914676,
    11.062217246983826,
    11.204634876443313,
    11.852277896336489,
    12.56644779182686,
    13.081536175800165,
    15.02228871136537,
    17.06970200445284,
    17.291256675135703,
    13.65734595738736,
    12.808865833252701,
    12.22999154571729,
    11.423527055914677,
    11.062217246983824,
    11.204634876443313,
    11.852277896336489,
    12.566447791826862,
    13.081536175800165,
    15.02228871136537,
    17.069702004452836,
    17.291256675135706,
    13.65734595738736,
    12.8088658332527,
    12.22999154571729,
    11.423527055914676,
    11.062217246983822,
    11.204634876443313,
    11.852277896336489,
    12.566447791826864,
    13.081536175800165,
    15.022288711365368,
    17.06970200445284,
    17.291256675135706,
    13.657345957387358,
    12.808865833252701,
    12.229991545717288,
    11.423527055914676,
    11.06221724698382,
    11.204634876443313,
    11.852277896336489,
    12.566447791826864,
    13.081536175800164,
    15.022288711365368,
    17.069702004452836,
    17.291256675135706,
    13.65734595738736,
    12.808865833252696,
    12.22999154571729,
    11.423527055914677,
    11.062217246983819,
    11.204634876443313,
    11.852277896336489,
    12.566447791826862,
    13.081536175800165,
    15.022288711365368,
    17.069702004452836,
    17.291256675135706,
    13.65734595738736,
    12.808865833252696,
    12.22999154571729,
    11.423527055914676,
    11.062217246983824,
    11.204634876443313,
    11.852277896336489,
    12.566447791826864,
    13.081536175800165,
    15.022288711365373,
    17.06970200445284,
    17.291256675135706,
    13.657345957387358,
    12.808865833252701,
    12.229991545717288,
    11.423527055914674,
    11.062217246983824,
    11.204634876443313,
    11.85227789633649,
    12.566447791826862,
    13.081536175800164,
    15.02228871136537,
    17.06970200445284,
    17.291256675135706,
    13.657345957387358,
    12.8088658332527,
    12.22999154571729,
    11.423527055914676,
    11.062217246983822,
    11.204634876443313,
    11.85227789633649,
    12.566447791826862,
    13.081536175800165,
    15.02228871136537,
    17.069702004452832,
    17.291256675135706,
    13.657345957387358,
    12.8088658332527,
    12.22999154571729,
    11.423527055914676,
    11.062217246983822,
    11.204634876443313,
    11.852277896336489,
    12.566447791826862,
    13.081536175800164,
    15.022288711365368,
    17.069702004452836,
    17.291256675135706,
    13.65734595738736,
    12.808865833252696,
    12.229991545717288,
    11.423527055914674,
    11.062217246983824,
    11.204634876443315,
    11.852277896336487,
    12.566447791826862,
    13.081536175800165,
    15.02228871136537,
    17.069702004452836,
    17.291256675135706,
    13.657345957387358,
    12.808865833252698,
    12.229991545717287,
    11.423527055914676,
    11.062217246983826,
    11.204634876443313,
    11.852277896336489,
    12.566447791826862,
    13.081536175800165,
    15.02228871136537,
    17.069702004452832,
    17.291256675135703,
    13.657345957387358,
    12.808865833252698,
    12.22999154571729,
    11.423527055914676,
    11.062217246983822,
    11.204634876443315,
    11.852277896336489,
    12.566447791826862,
    13.081536175800165,
    15.02228871136537,
    17.06970200445284,
    17.291256675135706,
    13.657345957387358,
    12.8088658332527,
    12.22999154571729,
    11.423527055914677,
    11.062217246983824,
    11.204634876443311,
    11.852277896336489,
    12.56644779182686,
    13.081536175800165,
    15.02228871136537,
    17.069702004452836,
    17.291256675135703,
    13.65734595738736,
    12.8088658332527,
    12.229991545717294,
    11.423527055914676,
    11.062217246983824,
    11.204634876443313,
    11.852277896336489,
    12.566447791826864,
    13.081536175800165,
    15.022288711365373,
    17.06970200445284,
    17.291256675135703,
    13.65734595738736,
    12.8088658332527,
    12.22999154571729,
    11.423527055914676,
    11.062217246983824,
    11.204634876443313,
    11.852277896336489,
    12.566447791826862,
    13.081536175800165,
    15.022288711365368,
    17.069702004452836,
    17.291256675135706,
    13.657345957387358,
    12.8088658332527,
    12.229991545717292,
    11.423527055914677,
    11.062217246983822,
    11.204634876443313,
    11.85227789633649,
    12.566447791826862,
    13.081536175800165,
    15.022288711365368,
    17.069702004452832,
    17.291256675135706,
    13.657345957387358,
    12.8088658332527,
    12.229991545717288,
    11.423527055914677,
    11.062217246983824,
    11.204634876443313,
    11.852277896336489,
    12.566447791826862,
    13.081536175800165,
    15.022288711365368,
    17.069702004452836,
    17.291256675135706,
    13.657345957387358,
    12.808865833252696,
    12.22999154571729,
    11.423527055914676,
    11.062217246983826,
    11.204634876443311,
    11.852277896336489,
    12.566447791826862,
    13.081536175800165,
    15.02228871136537,
    17.06970200445284,
    17.291256675135706,
    13.65734595738736,
    12.808865833252701,
    12.22999154571729,
    11.423527055914676
  ],