{
  "scenario": "medium",
  "velocity_md": 0.1,
  "n_years": 25,
  "Tf_jan": [
    10.778768701639873,
    10.875247325464592,
    11.486068831504513,
    12.349459441454544,
    12.899937109492436,
    15.011698782357113,
    17.190193832493,
    17.340150546511364,
    13.9,
    12.765858479873078,
    12.131438379057679,
    11.124579393526853,
    10.724407375890792,
    10.868281296994008,
    11.48616896010467,
    12.35051255075443,
    12.901453704294372,
    15.013662559698847,
    17.19260369111995,
    17.342995602187674,
    13.32250404991561,
    12.29927456255981,
    11.798785316952534,
    10.930876571911096,
    10.729135728054262,
    10.873339479127518,
    11.491545897470592,
    12.356195677621496,
    12.907427273656891,
    15.019906746122274,
    17.199094566411482,
    17.349705883769047,
    13.325765893234703,
    12.30293147814289,
    11.802816190160037,
    10.935263366217066,
    10.73652080189756,
    10.880793466210259,
    11.499057059141697,
    12.363756703691758,
    12.915034630097763,
    15.027559922422151,
    17.20679534718294,
    17.357457701887807,
    13.332666268438352,
    12.309992265270356,
    11.810009079430317,
    10.942562983947044,
    10.744603727956882,
    10.888958933550084,
    11.507310734545234,
    12.372104548355468,
    12.923482838173975,
    15.036114572988884,
    17.215461712504908,
    17.366239239977297,
    13.340473650239266,
    12.317860367001572,
    11.817943328075796,
    10.950568850351328,
    10.753870718204153,
    10.898267465019888,
    11.516631238182766,
    12.38140548173436,
    12.932732845686148,
    15.045284731235737,
    17.224527610241708,
    17.37518266579405,
    13.349370799375144,
    12.326869330881758,
    11.827055074823333,
    10.9597685382963,
    10.762186215717701,
    10.906497588907241,
    11.524796845245023,
    12.389526726027288,
    12.940827314509933,
    15.053365893362852,
    17.232603683315713,
    17.383255965389104,
    13.358180862027957,
    12.335542907368618,
    11.835596559131574,
    10.968188938843769,
    10.77008797060572,
    10.914307367808394,
    11.532492731449553,
    12.397088424733953,
    12.948237355120275,
    15.060610606642907,
    17.239673910769476,
    17.390147479086814,
    13.366247649916176,
    12.343593715164824,
    11.843616928763508,
    10.976160495235419,
    10.776189500811428,
    10.920298159547325,
    11.538393796633766,
    12.40292123336336,
    12.95402295428879,
    15.066368818377002,
    17.245422639447277,
    17.395902150983105,
    13.372961280756602,
    12.350135205010883,
    11.849996536295665,
    10.982392396263684,
    10.782098029676874,
    10.926240412549605,
    11.544364401758965,
    12.408912853892152,
    12.960026784694175,
    15.072375107669329,
    17.251421220668668,
    17.401882957283206,
    13.378734429955054,
    12.355936211939255,
    11.855831517810039,
    10.988264239785611,
    10.787873584398506,
    10.931963311836922,
    11.550035659808003,
    12.414535734996761,
    12.965606752064694,
    15.077919707545801,
    17.256939908653095,
    17.407386874849873,
    13.384687979932833,
    12.361854049558817,
    11.861706595048087,
    10.994091233112762,
    10.793509710053973,
    10.93767035988695,
    11.555827993297758,
    12.420426879267982,
    12.97160910885168,
    15.084044296614238,
    17.263196140859414,
    17.41378235955507,
    13.390189689780728,
    12.36736723886507,
    11.867245755792275,
    10.999671328500703,
    10.800643714551407,
    10.944945317970964,
    11.56323661431798,
    12.427959842607635,
    12.97925518103211,
    15.091790472293283,
    17.27102780441073,
    17.421683463822557,
    13.396730078635974,
    12.374056107113118,
    11.874084521414188,
    11.006659208792561,
    10.808615173486377,
    10.952871194381105,
    11.571096585482719,
    12.435733809188013,
    12.98692345908371,
    15.099333974447259,
    17.27842820866978,
    17.428923368684146,
    13.404683337429374,
    12.382043198043673,
    11.882086295754297,
    11.014655905174006,
    10.814832726102814,
    10.958849925810458,
    11.576828577820976,
    12.441212740153068,
    12.992144615209734,
    15.104294249928206,
    17.283126090646306,
    17.433358909852256,
    13.411746402309939,
    12.388914268228579,
    11.888751511338905,
    11.021102793687795,
    10.818008837471073,
    10.961794005322515,
    11.579550013745186,
    12.443721931512924,
    12.994452876122077,
    15.10641371144598,
    17.285069601016012,
    17.43513993404609,
    13.415921181797591,
    12.392831341738292,
    11.892415351589843,
    11.024519222213847,
    10.819194029004239,
    10.96290492512829,
    11.580601724415805,
    12.444729366888021,
    12.995430763455055,
    15.10737649822852,
    17.286031386679326,
    17.43611440670733,
    13.417553701126629,
    12.394329754295565,
    11.893794374213673,
    11.025793794600354,
    10.820419090200563,
    10.964213278960132,
    11.582002846901133,
    12.446232003998189,
    12.9970429138978,
    15.109105400820976,
    17.287883512121333,
    17.43809545355076,
    13.418554079499978,
    12.395368734842675,
    11.894884083565826,
    11.026945747246158,
    10.823103397350257,
    10.96704473060484,
    11.584981928942577,
    12.449358521683182,
    13.000316015160566,
    15.112523601485341,
    17.291444722738014,
    17.441797007651473,
    13.420668974098184,
    12.397621635054975,
    11.897278385984572,
    11.029484097709373,
    10.827448589184845,
    10.97150385906122,
    11.58954915638015,
    12.454027686971513,
    13.005080666245039,
    15.117377027665961,
    17.296379986543784,
    17.446806976202428,
    13.424507657655678,
    12.401593716946044,
    11.901379649261907,
    11.033709871496647,
    10.832720360089862,
    10.976805102571129,
    11.59487218836445,
    12.459364850341656,
    13.01042435429653,
    15.122719706295149,
    17.30171421531754,
    17.45212542826478,
    13.429585033413844,
    12.406731067765847,
    11.906569437659122,
    11.038944483063961,
    10.83785524624214,
    10.981883602576968,
    11.599888229079093,
    12.464312589288877,
    13.015298189168774,
    15.127514283372983,
    17.306424436833865,
    17.456746458741772,
    13.43488051421884,
    12.411996532631463,
    11.91179800814115,
    11.04412946215349,
    10.841967289961685,
    10.985883183597048,
    11.603772445613737,
    12.468078819364967,
    13.018944089190546,
    15.131037786002096,
    17.309823748222424,
    17.46002005515523,
    13.43940778580669,
    12.416425749480277,
    11.916125149838196,
    11.048350786259574,
    10.844598603916243,
    10.988385055820094,
    11.606145105043979,
    12.47032272043791,
    13.021059904586613,
    15.133026399133337,
    17.311686245488755,
    17.461757718000417,
    13.442554409673672,
    12.419444404906057,
    11.919015097618255,
    11.05111153842905,
    10.845737567542695,
    10.989410506660143,
    11.607059456476428,
    12.47112851341961,
    13.021759799100227,
    15.133623165681227,
    17.312182756651996,
    17.462156940080586,
    13.444168706470135,
    12.420936982696961,
    11.920387773743917,
    11.05236629206415
  ],