{
  "scenario": "low",
  "velocity_md": 0.001,
  "n_years": 25,
  "Tf_jan": [
    10.500202333976004,
    10.60028672726828,
    11.30033379200818,
    12.300323814633506,
    13.000265697263227,
    15.400171092986714,
    17.899997999096435,
    18.199767151661344,
    13.9,
    12.70000644330219,
    12.000045627898619,
    10.90011250439472,
    10.500308004356564,
    10.600524029329067,
    11.300699150834449,
    12.300815365237387,
    13.000881065052802,
    15.400905897019712,
    17.900845289105106,
    18.200717549097703,
    13.899611836490415,
    12.699684281211566,
    11.999865792137442,
    10.900079573929416,
    10.5015894361977,
    10.601833955044956,
    11.30202650935362,
    12.30215011769161,
    13.002214238437162,
    15.402229579618567,
    17.902152592703196,
    18.202002549741707,
    13.900654065617784,
    12.70080583941554,
    12.001053602215825,
    10.901320538782844,
    10.50270256041088,
    10.602905251892157,
    11.303054700535364,
    12.303134316297339,
    13.003153896355629,
    15.403124440411794,
    17.903002649628853,
    18.20280800854856,
    13.901911731803947,
    12.702031954180892,
    12.002244683707048,
    10.90247376241373,
    10.503293464842693,
    10.603455672366831,
    11.303565606547462,
    12.30360671770498,
    13.003588832580013,
    15.403522971156972,
    17.903365846933866,
    18.203136950005288,
    13.902672977898321,
    12.702749523758154,
    12.002919238453067,
    10.903106067401456,
    10.50346712850216,
    10.603601395751202,
    11.303684387227893,
    12.30369953205962,
    13.003656634611064,
    15.403566691591445,
    17.903386392568297,
    18.203135203259745,
    13.902968740887868,
    12.703013180575837,
    12.003151852207663,
    10.903308688588279,
    10.503366292230334,
    10.603483044250291,
    11.303549231908063,
    12.303548260995903,
    13.003489912996931,
    15.40338516222641,
    17.903190676372116,
    18.20292589980683,
    13.902945559539077,
    12.702969397642955,
    12.003088275967862,
    10.903226102701925,
    10.503097337903528,
    10.60320368309238,
    11.303259929753517,
    12.303249466815075,
    13.00318205943955,
    15.403068666155566,
    17.90286593938766,
    18.20259330875754,
    13.90272324760751,
    12.70273463577348,
    12.00284160302882,
    10.902968038456553,
    10.502730797294609,
    10.602831326874815,
    11.302882054817355,
    12.302866358943842,
    13.002793993707476,
    15.402675907312034,
    17.902468742229164,
    18.20219191848729,
    13.902383175091387,
    12.702387440625701,
    12.002487630796963,
    10.90260762186297,
    10.502311807423046,
    10.60240943230315,
    11.302457442685517,
    12.30243920926425,
    13.002364479626218,
    15.40224419536072,
    17.90203499256762,
    18.20175628513735,
    13.901977827666848,
    12.701978363094296,
    12.002075041620344,
    10.902191731229912,
    10.501868866446175,
    10.601965414926072,
    11.302012465829778,
    12.301993385300044,
    13.001917916539158,
    15.401796996912417,
    17.90158725845034,
    18.201308111122906,
    13.901540458737655,
    12.70153940099941,
    12.001634623286748,
    10.901749988299386,
    10.501419802049318,
    10.601516410599453,
    11.301563593631323,
    12.301544714375602,
    13.001469513228452,
    15.401348924851,
    17.90113957866795,
    18.200860882137995,
    13.901091936820729,
    12.701090619535679,
    12.001185667125675,
    10.901300938912257,
    10.500975623128232,
    10.60107298572465,
    11.301120966114327,
    12.301102925658373,
    13.00102860295093,
    15.40090893091628,
    17.900700537304893,
    18.200422827961717,
    13.900645214731606,
    12.70064445810828,
    12.000740117878067,
    10.90085605119608,
    10.500542971591,
    10.60064149829343,
    11.30069066762553,
    12.300673839745638,
    13.000600752088447,
    15.400482336460634,
    17.90027521953548,
    18.19999880611953,
    13.90020818080166,
    12.700208475984839,
    12.000305217675997,
    10.900422261637068,
    10.500125684209733,
    10.600225602489454,
    11.300276176350009,
    12.300260765176606,
    13.000189105658924,
    15.400072128885704,
    17.899866460838435,
    18.199591505657125,
    13.899785473126867,
    12.69978709975294,
    11.999885189232682,
    10.90000359643188,
    10.499725793599273,
    10.599827213561541,
    11.299879294431383,
    12.299865395099896,
    12.999795251781043,
    15.399679795105449,
    17.899475650613613,
    18.19920222202103,
    13.899379639613604,
    12.699382741284674,
    11.99948231330914,
    10.899602209978646,
    10.499344174630222,
    10.599447131318849,
    11.299500749392442,
    12.299488387430412,
    12.999419781347077,
    15.399305861485054,
    17.899103253107956,
    18.198831359665256,
    13.89899188519088,
    12.698996518306673,
    11.999097623628796,
    10.899219055084721,
    10.498980964951484,
    10.59908544597481,
    11.299140585829276,
    12.299129742902462,
    12.999062652924804,
    15.398950246062611,
    17.89874914741056,
    18.19847876025637,
    13.898622556764549,
    12.698628722343893,
    11.99873135842785,
    10.898854318717525,
    10.498635840242725,
    10.598741803906828,
    11.298798422012998,
    12.298789052835847,
    12.998723431998135,
    15.398612489563519,
    17.898412850528874,
    18.19814391808871,
    13.89827146005271,
    12.698279124589378,
    11.998383255749044,
    10.898507707097181,
    10.498308195144409,
    10.59841558239002,
    11.298473618640918,
    12.298465662110804,
    12.998401448364872,
    15.39829190741262,
    17.89809366419976,
    18.197826121872886,
    13.897938067607162,
    12.697947176789784,
    11.998052747439292,
    10.898178633045163,
    10.497997262390887,
    10.598106004650726,
    11.298165389949167,
    12.29815877647302,
    12.998095899762722,
    15.397987689805312,
    17.897790771526,
    18.197524548052975,
    13.897621655751136,
    12.697632143497943,
    11.997739086876624,
    10.897866339339977,
    10.497702191129248,
    10.597812215480241,
    11.29787287671123,
    12.297867533004169,
    12.997805919896107,
    15.397698967372115,
    17.89750330035665,
    18.197238321978517,
    13.897321394688758,
    12.697333189082167,
    11.997441432983669,
    10.897569979834891,
    10.49742209809971,
    10.597533330610334,
    11.297595193868224,
    12.29759104606455,
    12.997530622746522,
    15.397424853910188,
    17.897230364491858,
    18.19696655763302,
    13.897036407542059,
    12.697049434699169,
    11.997158905204406,
    10.89728867250468,
    10.497156100676191,
    10.597268468544728,
    11.2973314611908,
    12.297328436823545,
    12.997269131008606,
    15.397164473761038,
    17.89697109003659,
    18.19670838299676,
    13.89676580865133,
    12.696779995212838,
    11.996890619086967,
    10.89702153373613,
    10.49690333774024,
    10.597016770621211,
    11.297080822555989,
    12.297078851776707,
    12.997020593872326,
    15.39691697888146,
    17.89672463178378,
    18.1964629557648,
    13.89650872797957,
    12.696524002671937,
    11.996635708864494,
    10.896767700041316
  ],