{
  "scenario": "high",
  "velocity_md": 1.0,
  "n_years": 25,
  "Tf_jan": [
    10.572304111466517,
    10.534657446928339,
    11.14474546956505,
    11.985691767209495,
    12.632328815558296,
    14.798992542092575,
    17.179350910324587,
    17.628651514542863,
    13.9,
    12.764338500693945,
    12.089536830861485,
    11.005625835285606,
    10.355475787050164,
    10.629535649194967,
    10.966056352265689,
    11.755498564815689,
    12.257676623484913,
    14.719237170889526,
    17.42375183616387,
    18.111135844792585,
    13.883582849242286,
    12.915629352611317,
    12.148110921206744,
    10.995402186852498,
    10.21427283936463,
    10.870996580713046,
    11.57497864428567,
    12.33583288124946,
    12.517671184174352,
    14.693987226455215,
    17.21400509032643,
    17.778487444692978,
    14.268598286201973,
    13.039970935203362,
    12.002189835013041,
    10.743658699041774,
    9.783551948274361,
    10.599957462009389,
    11.496437435609687,
    12.402299671890084,
    12.677091653633969,
    14.927189534746221,
    17.501630163844766,
    18.076889730762083,
    13.862822306317778,
    12.594977011342058,
    11.525566447926588,
    10.25266375357449,
    9.837634075886825,
    10.650743568881838,
    11.562026886713792,
    12.496098113380835,
    12.805332142956093,
    15.085281699626652,
    17.6714660608132,
    18.22751642955273,
    14.122743470144353,
    12.78854853374967,
    11.652941422814273,
    10.331763566192814,
    9.519914365933305,
    10.3053716551136,
    11.255974297190221,
    12.286187353597153,
    12.720664480349177,
    15.12093130820314,
    17.795621487084077,
    18.39711682975659,
    14.215674082703238,
    12.787280865009876,
    11.534704355223743,
    10.098177778954607,
    9.618624467614323,
    10.402287831229515,
    11.359470967883562,
    12.40065764872903,
    12.845977820943776,
    15.25253514590852,
    17.92508852381103,
    18.513122201287523,
    14.39223037608464,
    12.9464795862526,
    11.668120094828339,
    10.209386558159448,
    9.509463428859373,
    10.242239522428088,
    11.159181962917357,
    12.17510003248257,
    12.612575536698733,
    15.02897899308458,
    17.72722228598466,
    18.353242235387203,
    14.481971789661127,
    12.997464585376356,
    11.670113707200363,
    10.156209552437016,
    9.565195476539397,
    10.322406414997776,
    11.254739855744392,
    12.277879448389687,
    12.715865990054906,
    15.12780296154874,
    17.818346181910236,
    18.43499667321398,
    14.36777443822025,
    12.931732148766246,
    11.65108721056645,
    10.178486086842064,
    9.608257981385751,
    10.361992461054452,
    11.292241171316096,
    12.314489691824113,
    12.752564981302587,
    15.165365601645139,
    17.857367394450257,
    18.475926152997033,
    14.439761767452705,
    12.994490840063404,
    11.705766250910463,
    10.226563554004928,
    9.663316767555255,
    10.420929346526105,
    11.35557995246416,
    12.382822436968803,
    12.826497642754145,
    15.245425824770116,
    17.943874718527525,
    18.568831345184417,
    14.482944419885285,
    13.04021015234759,
    11.75428827637959,
    10.278178723972436,
    9.76328064791677,
    10.51132067303529,
    11.43107684303201,
    12.437930219662832,
    12.85599086979031,
    15.244829853457885,
    17.909932676351648,
    18.49989865543892,
    14.581652385609502,
    13.143408464703072,
    11.85980924087691,
    10.382925347390662,
    9.56040925971319,
    10.30053480723181,
    11.220218769070538,
    12.234412612916168,
    12.666304129675426,
    15.07416415745716,
    17.761943226673317,
    18.37662352239842,
    14.477966010853518,
    13.007191345741228,
    11.695190243387595,
    10.195678322298031,
    9.544745661358588,
    10.297745471817638,
    11.227007880566962,
    12.247791597934578,
    12.683726608426536,
    15.093596864085807,
    17.78188081571011,
    18.396058864871854,
    14.379887780867245,
    12.93341888276998,
    11.643726884836125,
    10.163738397290214,
    9.55899507086783,
    10.311774780191554,
    11.241218315323579,
    12.262546643799464,
    12.699329358866335,
    15.110278184735277,
    17.799796032156188,
    18.415290688176935,
    14.39825090985941,
    12.950497516303004,
    11.659579918432454,
    10.178611440737006,
    9.584104697504188,
    10.337671111061383,
    11.26773241286974,
    12.289507317780108,
    12.726568194626193,
    15.137633422262965,
    17.82711543738745,
    18.442433567253033,
    14.418816523315202,
    12.972358075200571,
    11.682651088364137,
    10.202773966836045,
    9.608720562068633,
    10.36154738913707,
    11.290820716792238,
    12.311770545662249,
    12.747979649145044,
    15.158175894283227,
    17.84678027791735,
    18.46121976633442,
    14.445655026121717,
    12.99877792218844,
    11.70855183856798,
    10.228068927894931,
    9.623304860143515,
    10.375359745533194,
    11.303890726329843,
    12.324129503641613,
    12.759660049192764,
    15.16921098071996,
    17.8572036506491,
    18.471065035797235,
    14.46356831324885,
    13.01582989955279,
    11.724759155689416,
    10.2434525039261,
    9.63074567053357,
    10.382410564054311,
    11.310579139504254,
    12.330481777474017,
    12.765701092853698,
    15.174964329018325,
    17.862691462679244,
    18.476308107341463,
    14.472868802577134,
    13.024618390888795,
    11.733067677387796,
    10.251312155322038,
    9.63503141869975,
    10.386549625708474,
    11.314583852356977,
    12.334363484121026,
    12.76947019964066,
    15.178630364604157,
    17.86626313571724,
    18.479793362802905,
    14.477886590040553,
    13.029429044742566,
    11.737688083292774,
    10.255757981294732,
    9.638180733041967,
    10.389647058266078,
    11.317633404235039,
    12.337368763804763,
    12.772434458000614,
    15.181556527417877,
    17.869153833789166,
    18.48265095977793,
    14.48129266379938,
    13.032762516123091,
    11.74095492535551,
    10.258963608699785,
    9.640900607767085,
    10.392343698024778,
    11.320307910920821,
    12.340022125120125,
    12.775067559618057,
    15.18417016395836,
    17.87174871871521,
    18.485227734293634,
    14.484119281775108,
    13.03556005917318,
    11.743725101080168,
    10.261707947921806,
    9.64339443457497,
    10.394822138085368,
    11.322771282160263,
    12.342470717876976,
    12.777501639849845,
    15.186589976084907,
    17.874154488137023,
    18.487619669619693,
    14.486678522819146,
    13.038102286585985,
    11.746250784020395,
    10.264217510602291,
    9.645719866417146,
    10.39713473029773,
    11.325071169646858,
    12.344758029293388,
    12.779776498309502,
    15.188852499778255,
    17.87640479087393,
    18.489857861304564,
    14.48905681783551,
    13.040467121993446,
    11.748602328966768,
    10.26655592403208,
    9.647899041115014,
    10.399302391377333,
    11.32722740884797,
    12.346902936653322,
    12.781910162315707,
    15.19097500750663,
    17.878516228116112,
    18.491958312687157,
    14.49128300488317,
    13.042681407693468,
    11.750804813802525,
    10.268746705960643
  ],